,humidavg,tempavg,con
humidavg,1.0,-0.6043847123788388,-0.09378414492845887
tempavg,-0.6043847123788388,1.0,-0.12537669209757057
con,-0.09378414492845887,-0.12537669209757057,1.0
