,tempavg,humidavg,con
tempavg,1.0,-0.71397305307188,-0.3396516358598162
humidavg,-0.71397305307188,1.0,0.3160762567709337
con,-0.3396516358598162,0.3160762567709337,1.0
