,humidavg,tempavg,con
humidavg,1.0,-0.5352778543882911,0.2261816773356709
tempavg,-0.5352778543882911,1.0,-0.1529936239551964
con,0.2261816773356709,-0.1529936239551964,1.0
